class_label,group_matched,row_matched,delta_day_minus_row
ExcessiveInfiltrationThroughTheBuildingEnvelope,0.0052083333333333,0.953125,-0.9479166666666667
LightingSetbackError,0.1180555555555555,0.9618055555555556,-0.8437500000000001
HVACSetbackError,0.443287037037037,0.8506944444444444,-0.40740740740740744
NonstandardRefrigerantCharging,0.5208333333333334,0.9104166666666668,-0.3895833333333334
normal,0.2512254901960784,0.5753676470588235,-0.32414215686274506
ThermostatMeasurementBias,0.4965277777777778,0.8055555555555556,-0.3090277777777778
SupplyAirDuctLeakage,0.65625,0.9340277777777778,-0.2777777777777778
EvaporatorFouling,0.6854166666666667,0.8979166666666667,-0.21250000000000002
EconomizerOpeningStuckAtFixedPosition,0.7734375,0.96875,-0.1953125
ReturnAirDuctLeakage,0.7239583333333334,0.8567708333333334,-0.1328125
CondenserFouling,1.0,0.9947916666666666,0.00520833333333337
