Direction,Bounds,FeatureFamily,N,Supported,n0,n1,n2,n3_5,nGT5,median_violations,mean_violations,q25_violations,q75_violations
M1->M2,minmax,full_28,35,24,24,6,4,1,0,0.0,0.5142857142857142,0.0,1.0
M1->M2,minmax,operational_14,35,25,25,5,4,1,0,0.0,0.4857142857142857,0.0,1.0
M1->M2,minmax,quality_14,35,34,34,1,0,0,0,0.0,0.02857142857142857,0.0,0.0
M1->M2,p01_p99,full_28,35,24,24,4,3,4,0,0.0,0.7142857142857143,0.0,1.0
M1->M2,p01_p99,operational_14,35,24,24,5,3,3,0,0.0,0.6571428571428571,0.0,1.0
M1->M2,p01_p99,quality_14,35,33,33,2,0,0,0,0.0,0.05714285714285714,0.0,0.0
M1->M2,p05_p95,full_28,35,0,0,2,0,17,16,5.0,5.714285714285714,4.0,7.0
M1->M2,p05_p95,operational_14,35,15,15,4,4,10,2,1.0,1.7142857142857142,0.0,3.0
M1->M2,p05_p95,quality_14,35,2,2,0,0,33,0,4.0,4.0,4.0,4.0
M2->M1,minmax,full_28,50,1,1,2,1,15,31,6.0,6.24,4.0,8.0
M2->M1,minmax,operational_14,50,31,31,11,4,3,1,0.0,0.76,0.0,1.0
M2->M1,minmax,quality_14,50,4,4,0,0,20,26,6.0,5.48,4.0,6.0
M2->M1,p01_p99,full_28,50,1,1,1,2,14,32,6.0,6.42,4.0,8.0
M2->M1,p01_p99,operational_14,50,28,28,11,7,2,2,0.0,0.94,0.0,1.0
M2->M1,p01_p99,quality_14,50,4,4,0,0,20,26,6.0,5.48,4.0,6.0
M2->M1,p05_p95,full_28,50,1,1,0,0,12,37,7.0,7.4,5.25,9.0
M2->M1,p05_p95,operational_14,50,20,20,9,6,11,4,1.0,1.78,0.0,3.0
M2->M1,p05_p95,quality_14,50,3,3,0,0,20,27,6.0,5.62,4.0,6.0
