source,target,direction,bounds,N,supported,support_fraction,n0,n1,n2,n3_5,nGT5,median_violations,mean_violations,q25_violations,q75_violations
auditorium,hospital,auditorium->hospital,minmax,64513,60897,0.9439492815401547,60897,3616,0,0,0,0.0,0.0560507184598453,0.0,0.0
auditorium,hospital,auditorium->hospital,p01_p99,64513,45322,0.7025250724660146,45322,16260,2499,432,0,0.0,0.3496504580472153,0.0,1.0
auditorium,hospital,auditorium->hospital,p05_p95,64513,6544,0.10143691969060499,6544,11482,17092,29395,0,2.0,2.288965014803218,1.0,3.0
auditorium,office,auditorium->office,minmax,174384,171724,0.9847463070006423,171724,2657,3,0,0,0.0,0.01527089641251491,0.0,0.0
auditorium,office,auditorium->office,p01_p99,174384,112192,0.6433617763097532,112192,52523,9594,75,0,0.0,0.4125149096247362,0.0,1.0
auditorium,office,auditorium->office,p05_p95,174384,24820,0.14232957152032297,24820,64642,48253,36620,49,1.0,1.611873795761079,1.0,2.0
hospital,auditorium,hospital->auditorium,minmax,68478,23214,0.33899938666433016,23214,42935,2169,160,0,1.0,0.6973480533894097,0.0,1.0
hospital,auditorium,hospital->auditorium,p01_p99,68478,17248,0.2518765150851368,17248,40238,7406,3586,0,1.0,0.9650982797394784,0.0,1.0
hospital,auditorium,hospital->auditorium,p05_p95,68478,10812,0.15789012529571542,10812,25857,18371,13427,11,1.0,1.5912847921960338,1.0,2.0
hospital,office,hospital->office,minmax,174384,42201,0.24200041288191576,42201,91134,36468,4581,0,1.0,1.0225766125332598,1.0,1.0
hospital,office,hospital->office,p01_p99,174384,24396,0.13989815579410955,24396,75600,48711,25677,0,1.0,1.4606615285806037,1.0,2.0
hospital,office,hospital->office,p05_p95,174384,5379,0.030845719790806497,5379,61540,52866,54599,0,2.0,2.0146343701256995,1.0,3.0
office,auditorium,office->auditorium,minmax,68478,67904,0.991617745845381,67904,574,0,0,0,0.0,0.008382254154619002,0.0,0.0
office,auditorium,office->auditorium,p01_p99,68478,50268,0.7340751774292473,50268,17779,426,5,0,0.0,0.2722918309530068,0.0,1.0
office,auditorium,office->auditorium,p05_p95,68478,31359,0.4579426969245597,31359,31159,5661,299,0,1.0,0.6336195566459301,0.0,1.0
office,hospital,office->hospital,minmax,64513,59184,0.9173964937299459,59184,5329,0,0,0,0.0,0.0826035062700541,0.0,0.0
office,hospital,office->hospital,p01_p99,64513,47369,0.7342551113729016,47369,16071,1037,36,0,0.0,0.2829352223582844,0.0,1.0
office,hospital,office->hospital,p05_p95,64513,36391,0.5640878582611256,36391,22605,5196,321,0,0.0,0.5264055306682374,0.0,1.0
